payment_id,order_id,name_on_card,card_number,card_expire,cvv_number
1,1,Rachel Brown,36189980173875,08/28,078
2,2,Maria Cook,3552560271012980,05/30,603
3,3,Heather Powers,676199559011,07/31,685
4,4,Stacy Jones,6011507249883586,02/33,477
5,5,Steven Austin,4965326440728008,09/33,071
6,6,Diane Martin,6011739107490663,04/28,3294
7,7,Jennifer Salas,4962510105703843,04/32,401
8,8,Angela Meyer,3533805190734501,10/28,180
9,9,Dawn Boyd,4091999144526121,03/28,530
10,10,Sandra Bowman,3541266474211049,11/32,697
11,11,Alexandra Price,5524803109251341,02/30,092
12,12,Laura Garcia,4665138081420826,09/29,8968
13,13,Christopher Coleman,348942813185265,03/27,267
14,14,Adam Welch,3595849279046135,04/28,081
15,15,Charles Mueller,4992971911864456,08/33,838
16,16,Walter Cooley,3557492172832396,02/32,334
17,17,Manuel Coffey,2306817327810168,03/29,521
18,18,Mr. Dwayne Ford,6546555065076789,08/30,172
19,19,Edwin Ward,4932144124783181139,10/32,5720
20,20,Kristine Pruitt,4859764141920,08/30,371
21,21,Julian Medina,4633844448723781,09/24,6664
22,22,Julie Conway,6011652847789031,06/33,512
23,23,Daniel Bernard,180021590096614,09/24,351
24,24,Charles Davis,4764610157284690,12/28,064
25,25,William Vasquez,4613715532543521,07/25,917
26,26,Mr. Raymond Cooper,213139690348130,01/26,378
27,27,Veronica Peters,4707139686451,09/30,721
28,28,George Fischer,4722805105959242,05/31,522
29,29,Mark Woods,4827501465033489239,01/29,957
30,30,Daniel Leon,4608017578579141559,03/28,054
31,31,James Gonzales,4727456982800185,08/32,216
32,32,Daniel Williams,4004994106440524,05/27,234
33,33,Tyler Williams,4858375073584766,10/29,681
34,34,Jon Maldonado,4512340048984598,08/24,636
35,35,Richard Murray,6579078182860449,05/33,179
36,36,Rebecca Gonzalez,378014385783886,09/28,591
37,37,Rachel Myers,3500026478880531,02/32,579
38,38,Brad Church,6540590503375952,10/30,377
39,39,Vicki Taylor,4890238943918558,06/25,057
40,40,Cassandra Terry,6011158939232286,04/27,747
41,41,Michelle Olsen,4164262787181612172,05/29,1005
42,42,Micheal Hoover,213107658492869,03/33,379
43,43,Brenda Underwood MD,4400304099598099409,12/25,117
44,44,Kathy Jackson,4762652307960565,03/34,846
45,45,William Baker,676200795448,02/29,815
46,46,Jessica Brown,502008020542,02/30,5675
47,47,Sarah Jones,2287906224155406,07/29,825
48,48,Kelsey James,4545275327013,04/25,173
49,49,Samantha Tapia,3516974995711881,11/30,873
50,50,Stephen Sanchez,2269881977277040,01/29,923
51,51,Patrick Ellis,180008975052965,09/33,972
52,52,Gina Hayden,3551791941298136,11/27,329
53,53,Robert Waters,4106787293621,08/28,522
54,54,Matthew Taylor,4624999220242957199,07/31,779
55,55,Alex Lambert,4545025896141018,05/30,138
56,56,Colleen Martin,342735811879954,09/30,323
57,57,Andrew Morris,4971678258996446,12/28,808
58,58,Carla Lee,3540853657627058,04/28,050
59,59,Mr. Steven Collins,180058508787553,05/30,276
60,60,Kristie Reid,579207813059,06/27,916
61,61,Kevin Lee,4123415880439801,08/25,897
62,62,Rebecca Pena,30040175664911,01/28,769
63,63,Jason Rodriguez Jr.,6011438281702056,02/28,7926
64,64,Gregory Cooper,3540365217145620,05/32,362
65,65,Jessica Cohen,342011923738458,08/27,286
66,66,Tina Hernandez,3520019177020422,11/28,580
67,67,Kenneth Fuentes,4720964292770959530,11/29,041
68,68,Patricia Lee,4105858578315068,11/26,020
69,69,William Lin,4009673048648,07/29,075
70,70,Amy Mckenzie,213154444376584,11/30,542
71,71,Joshua Gamble,4885399288824681,04/28,990
72,72,David Levy,639086096307,02/27,123
73,73,Jose Conley,4008228639284237245,10/27,783
74,74,Katie Wyatt,370236050878331,05/33,377
75,75,Alexandra Sawyer,4163609785656,08/24,303
76,76,Jim Sparks,213102260633976,02/25,930
77,77,Eric Green,6011136042657870,06/25,482
78,78,Andrea Stanton,4750815291451255,04/25,302
79,79,Alicia Shelton,3592591246448803,02/26,904
80,80,Craig Scott,4638248168402490,07/24,102
81,81,Carmen Lopez,4392536132388947690,11/26,821
82,82,Jasmine Williamson,30514586134854,11/29,429
83,83,Troy Kelly,180051935197041,09/26,455
84,84,Chad Berger,570807443918,01/28,546
85,85,Laurie Barnes,4028610954819140994,09/29,984
86,86,Aaron Sharp,4339673904601,07/27,145
87,87,Beth Smith MD,2707237476701669,09/27,610
88,88,Jason Manning,4913969752005,09/27,358
89,89,Julie Reilly,180075265078869,06/27,382
90,90,Richard Mendoza,4581905208190354597,05/32,453
91,91,Karen Thomas,2701803948423236,10/25,498
92,92,Catherine Jones,213183344057580,10/26,549
93,93,Douglas Wilson,3576271661471487,01/28,068
94,94,Katelyn Jackson,4298732387470272,01/25,424
95,95,Zachary Daniel,3581387363376692,10/24,280
96,96,Amanda Baker,30002316659275,01/25,146
97,97,Joseph Robinson,4372384834635,10/27,385
98,98,Jeremy Perez,180044221988355,06/34,966
99,99,Kent Hunt,4285847204482965579,11/24,0542
100,100,Jill Brooks,349400331113920,12/33,316
101,101,Tracy Jones,30344591063793,01/30,786
102,102,Victoria Fleming,36392948113302,05/27,182
103,103,Christine Murray,2250323902787695,01/31,3740
104,104,Michael Bautista,6011331817839973,11/25,891
105,105,Amber Conner,30331808176468,07/33,145
106,106,Larry Berry,4992760752503871,02/29,179
107,107,Jeremiah Brown,3553496910832570,03/25,558
108,108,Wanda Mccoy,2419410801886344,07/29,581
109,109,Chelsea Mcdonald,3562854274310444,07/32,0455
110,110,Alyssa Knight,30291950117910,03/30,350
111,111,Julia Harmon,4140779019926122,12/26,288
112,112,Olivia Green,379224515696234,08/26,092
113,113,Laura Wise,6502474351551822,12/32,454
114,114,Andrew Stark,4106403826163058,01/28,913
115,115,Lisa Rogers,4331040252277,11/29,040
116,116,Nathaniel Hanson,4745236643045786,06/25,731
117,117,Erica Jackson,503848654805,07/33,634
118,118,Cheryl Pearson,6011673152893069,07/31,046
119,119,Frederick Guzman,4773380391696,11/33,440
120,120,David Jones,4472294604936,10/31,891
121,121,Manuel White,4133455124649,02/25,225
122,122,Rachel Pitts,5345367355781374,02/26,597
123,123,Albert Freeman,4577673099015462,04/31,549
124,124,Justin Pollard,375124837224190,08/29,395
125,125,William Romero,4591915073229,10/30,230
126,126,Tracy Lloyd,213109974597132,06/33,850
127,127,Gail Henry,180028653718463,05/30,577
128,128,Jonathan King PhD,3579475613260206,04/30,747
129,129,Cory Reid,4944267040396192931,11/24,816
130,130,Lisa Hill,4494567114270807,11/28,117
131,131,Taylor Jensen,30000440445165,03/31,9209
132,132,Kristin Figueroa,568758603613,06/31,5415
133,133,Katherine Dalton,2244538880561155,08/31,183
134,134,Brittany Rogers MD,4674477591126450,08/25,198
135,135,Maria Brown,344255288510782,09/25,306
136,136,Joshua Morrow,4568237754118049732,11/26,504
137,137,Jean Hart,3536287173620832,04/26,411
138,138,Jeffrey James,3557400198957840,01/25,0481
139,139,Sandra Marshall,4765980263421016454,09/32,131
140,140,Albert Wilkerson,2275593318019724,08/27,889
141,141,Joshua Bailey,2252029437084692,10/28,942
142,142,Stephanie Macdonald,2285283591895416,08/33,840
143,143,Roberto Rose,340548234980115,10/26,385
144,144,Nicholas Reynolds,6011046327803562,06/34,3865
145,145,Cynthia Morse,502094940587,04/33,7892
146,146,David Rubio,6512900720407393,04/27,914
147,147,Vanessa Russell,4026190319039,07/30,389
148,148,Gina Blair,4850740043223,10/28,624
149,149,Jason Le,180020708049713,06/28,335
150,150,Paula Myers,30236507587289,12/31,649
151,151,Jennifer Walters,346055587022671,12/33,3619
152,152,Bradley Jimenez,4500555752908343,07/24,666
153,153,Sara Cohen,370291539515913,01/33,102
154,154,Eric Hamilton,30345719287560,04/30,398
155,155,Kari Fitzpatrick,4617385311524,08/32,428
156,156,Michael Bray,5246286939044473,03/25,023
157,157,Sarah Villanueva,4352221797419,11/32,755
158,158,Stacy Morrison,3557872718511689,03/34,630
159,159,James Rose,3551241011252662,03/27,420
160,160,Emily Ryan,4078847224074727,11/24,437
161,161,Mrs. Ann Chen,3500200257497987,12/33,620
162,162,Bryan Rogers,4213011907490609821,01/32,048
163,163,Rhonda Roman,4113052829629960,07/32,518
164,164,Joseph Soto,213152051687491,05/34,196
165,165,Roger Estrada,676358497102,05/32,870
166,166,Darius Garza,2286906622692001,11/29,465
167,167,Kristen Turner,3566617619338859,10/30,792
168,168,Travis Schwartz,580749556644,06/29,585
169,169,Sarah Silva,5534180417754474,03/30,444
170,170,Amanda Tucker,3507225616572223,07/29,823
171,171,Jessica Hicks,213109384077949,03/30,0048
172,172,Ashley Hamilton,4703225690305912,04/31,422
173,173,Jacob Sanchez,2657531612256962,09/29,114
174,174,Candice Jackson,585526414537,08/29,778
175,175,Jason Henry,4562394192863818,07/27,563
176,176,Brian Anderson,3521976135265101,05/25,690
177,177,Bryan Moore,4766201774550297,08/26,001
178,178,Tyler Cox,3593122513094952,08/29,337
179,179,Paul Guerra,4473740510826,07/32,267
180,180,James Ramsey,4741212239604165,02/34,655
181,181,Daniel Smith,180028874265765,09/31,601
182,182,Leon Patel,3585653463460330,12/25,904
183,183,Lauren Cervantes,4874586599106,03/31,877
184,184,Lori Matthews,3526605490820201,02/29,2760
185,185,Terry Chambers,343147196120369,06/26,9586
186,186,Mark Jones,379159948333882,10/25,156
187,187,Sarah Johnson,213135232048923,10/29,3416
188,188,Daniel Tanner,676269448228,11/25,508
189,189,Rita Castillo,3503539609953321,02/34,924
190,190,Matthew Allen,373269609276068,05/29,1179
191,191,Julie Martin,3572458364534877,01/28,374
192,192,Michelle Mercer,340342551279396,06/26,397
193,193,Barbara Brown,180097803211752,01/33,1079
194,194,Tiffany Aguirre,2570808136175553,02/34,797
195,195,Pamela Sheppard,3593920057580439,10/30,303
196,196,William Oliver,2706870060733408,02/28,323
197,197,William Allen,4900213971234655,09/30,621
198,198,Kari Morris,36422604659684,02/30,552
199,199,Lynn Meyers,4057012147469216,05/28,810
200,200,Cory Sparks,4323790634625535,04/32,780
201,201,Samuel Waters,5133972456687408,07/29,6352
202,202,Aaron Dean,3509806039690961,04/28,392
203,203,Cynthia Smith,4331061348845904,03/32,103
204,204,Susan Ross,4484881128591,07/26,720
205,205,Christian Marshall,5224966498640870,04/32,046
206,206,Megan Miller,4417091445089659824,12/25,5522
207,207,Kayla Miller,4616339071281570,10/28,806
208,208,Daniel Chang,376937545257874,09/28,176
209,209,Erin Porter,3528565354823790,02/33,934
210,210,Cheryl Watson,4780822051921851,07/29,819
211,211,Gabriel Perry,349096881275596,10/32,109
212,212,Robert Morris,4384014537851213,03/31,048
213,213,Mary Turner,5503049792988543,02/28,797
214,214,Angela Alvarez,4450730426155,03/27,055
215,215,Paige Deleon,374788159137825,06/26,886
216,216,Allison Cooke,6011683959897965,04/32,308
217,217,Gary Johnson,4670672844238221364,08/29,143
218,218,Susan Frost,347728343536924,09/26,080
219,219,Heather Evans,379489500693344,11/31,777
220,220,Anna Lawrence,340882807454095,04/32,879
221,221,Charles Davis,3552538861243868,05/30,644
222,222,Dale Thomas,36452222790116,10/26,029
223,223,Rebecca Harris,3536501341491052,09/33,429
224,224,Todd Mccoy,30256972253340,02/31,892
225,225,Renee Walker,4952973311118192,01/33,396
226,226,Jacqueline Torres,581115812454,01/34,4881
227,227,Misty Ray,6593256723898233,08/25,102
228,228,Ashley Figueroa,3575331188384505,07/33,892
229,229,Rebecca Bowen,4902507954422936210,06/34,281
230,230,Wesley Williamson,4480333846975304,02/26,301
231,231,Chelsea Dunn,5113899450105950,06/27,985
232,232,Tim Gonzalez,4253477649039384309,05/29,151
233,233,Linda Tapia DDS,2421478316635668,10/27,711
234,234,Taylor Byrd,502011791691,05/25,503
235,235,Tiffany Waller,6011872135059208,09/31,632
236,236,William Martin,4468465153592557,08/26,354
237,237,Douglas Bradley MD,180063457775153,07/32,7522
238,238,Shannon Krause,4621039963543110863,10/29,642
239,239,Randy Walker,4372045822588932,02/26,820
240,240,Jennifer Carrillo,213143667367370,08/32,913
241,241,Brandon Pineda,3501727240204111,11/29,389
242,242,Karen West,2282514596640297,12/31,453
243,243,Ryan Harvey,3507478673680989,07/26,689
244,244,David Gonzalez,4408920602854464,07/28,753
245,245,Jennifer Molina,36495961047198,02/26,892
246,246,Regina Braun,6011098989440308,01/29,215
247,247,Justin Mccormick,4737428516214012066,09/32,448
248,248,Lisa Cruz,4765857705908150,12/29,131
249,249,Rhonda Ortega,372598910743528,05/27,229
250,250,Stephanie Hamilton,3532170237434719,04/30,769
251,251,Lisa Turner,213182986375698,07/29,156
252,252,Nichole Nguyen,4748731451779689,07/28,232
253,253,Lindsey Brown,36935317043417,06/30,667
254,254,Vincent Roth,4854610508893,09/25,912
255,255,Jessica Roberts,4114208396080552,10/26,164
256,256,Kyle Smith,3598065893510698,06/33,532
257,257,Heather Butler,4526768666783617,09/32,619
258,258,Christopher Cortez,3527107664236792,09/29,280
259,259,Jack Hall,6011016920487642,03/29,881
260,260,Amanda Willis,3555429339263117,03/25,807
261,261,James Ashley,3546447056307844,08/30,386
262,262,Ann Williams,3519447047853032,07/30,324
263,263,Catherine Downs,4107898274101782,07/26,582
264,264,Kevin Moore,4156404924460957,12/29,668
265,265,Brandi Ramirez,213161550389632,04/34,7854
266,266,Joseph Lopez,378671084722869,03/34,240
267,267,Brian Allen,4924212439958839509,01/25,269
268,268,Dawn Drake,3511599549976337,12/27,128
269,269,Randy White,3532676705952644,03/28,884
270,270,Nicholas Oliver,4078590929818779447,08/24,385
271,271,Kristy Sims,4284312252709603,01/33,556
272,272,Shawna Anderson,501834177393,05/28,594
273,273,Yvette Pacheco,4958543881839610,10/27,772
274,274,Charles Jefferson,502036524564,08/25,988
275,275,Kari Perez,213108877617997,02/27,384
276,276,Melissa Bell,4662756716327281,06/29,996
277,277,Elizabeth Mclaughlin,4217532125831774920,05/34,393
278,278,Martha Gordon,4450936144685,10/30,467
279,279,Monique Jarvis,3575521177451709,06/32,791
280,280,Suzanne Weaver,4752718256423026759,11/26,119
281,281,Richard Burns,38592541324150,08/31,015
282,282,Michelle Davis,377057819870671,04/30,508
283,283,Kristine Myers MD,4214804452914145,04/25,756
284,284,Jocelyn Norman,5548616680505279,07/25,235
285,285,Jill Perez,3536081579426179,08/32,153
286,286,Nicole Duncan,30382413789831,09/29,357
287,287,Kelly Alexander,343867207857325,08/28,4331
288,288,Amy Wolfe,630422253702,07/28,149
289,289,Jessica Glass,36707955768161,11/32,267
290,290,Anthony Brown,4104020121107531,09/25,031
291,291,Jennifer Santana,4158895138446,10/28,741
292,292,David Randolph,36967671106720,11/28,093
293,293,Alexis Cox,2716718584630816,05/29,170